parameters,naive_left,naive_right,mcci_radius_left,mcci_radius_right,fused_left,fused_right
param_1,-0.8078675498535113,0.41556164073989027,0.4722910742057656,0.08632991432672667,-1.2801586240592768,0.501891555066617
log_density,-3.5354351329901266,-6.928098246425406e-5,3.5309672507805154,0.0018281402133745112,-7.066402383770642,0.0017588592309102573
