parameters,mean,std,mcse,ess_bulk,ess_tail,rhat,ess_per_sec
y,-0.1022186521087428,2.710492433901846,0.07354477076753053,1317.8917762393585,1387.8088019544812,1.0009564538437428,
x.1,0.10208457227813508,3.5922971978012344,0.09931286356878462,1606.4972341346736,1768.2473105013785,1.0015411970411083,
x.2,0.020258496134460367,3.634736631713282,0.0970130411068013,1976.7170943259903,1598.818429228021,1.0007626852842266,
log_density,-5.158679709733889,2.9030950383732543,0.07107292685189141,1583.9784073190688,1447.1230135794824,1.0013967578842284,
