parameters,mean,std,mcse,ess_bulk,ess_tail,rhat,ess_per_sec
p,0.6526541413623305,0.161249386679215,0.02356399442559337,45.193188114101346,47.02017846889807,1.019808046515329,9.069473833855378
